,Image,Label
46,chris_evans24.png,chris_evans
242,scarlett_johansson4.png,scarlett_johansson
224,scarlett_johansson23.png,scarlett_johansson
188,robert_downey_jr5.png,robert_downey_jr
260,scarlett_johansson24.png,scarlett_johansson
74,chris_hemsworth4.png,chris_hemsworth
142,mark_ruffalo19.png,mark_ruffalo
50,chris_hemsworth11.png,chris_hemsworth
168,mark_ruffalo52.png,mark_ruffalo
158,mark_ruffalo66.png,mark_ruffalo
186,robert_downey_jr27.png,robert_downey_jr
153,mark_ruffalo9.png,mark_ruffalo
76,chris_hemsworth27.png,chris_hemsworth
235,scarlett_johansson25.png,scarlett_johansson
39,chris_evans3.png,chris_evans
117,mark_ruffalo22.png,mark_ruffalo
193,robert_downey_jr25.png,robert_downey_jr
204,robert_downey_jr30.png,robert_downey_jr
61,chris_hemsworth29.png,chris_hemsworth
225,scarlett_johansson20.png,scarlett_johansson
200,robert_downey_jr28.png,robert_downey_jr
198,robert_downey_jr43.png,robert_downey_jr
98,chris_hemsworth23.png,chris_hemsworth
19,chris_evans5.png,chris_evans
68,chris_hemsworth42.png,chris_hemsworth
229,scarlett_johansson41.png,scarlett_johansson
30,chris_evans19.png,chris_evans
38,chris_evans38.png,chris_evans
29,chris_evans43.png,chris_evans
166,mark_ruffalo58.png,mark_ruffalo
129,mark_ruffalo34.png,mark_ruffalo
4,chris_evans13.png,chris_evans
106,mark_ruffalo10.png,mark_ruffalo
139,mark_ruffalo12.png,mark_ruffalo
177,robert_downey_jr33.png,robert_downey_jr
145,mark_ruffalo46.png,mark_ruffalo
268,scarlett_johansson51.png,scarlett_johansson
243,scarlett_johansson29.png,scarlett_johansson
66,chris_hemsworth28.png,chris_hemsworth
37,chris_evans35.png,chris_evans
33,chris_evans2.png,chris_evans
87,chris_hemsworth31.png,chris_hemsworth
123,mark_ruffalo39.png,mark_ruffalo
64,chris_hemsworth17.png,chris_hemsworth
20,chris_evans44.png,chris_evans
70,chris_hemsworth41.png,chris_hemsworth
173,robert_downey_jr47.png,robert_downey_jr
73,chris_hemsworth36.png,chris_hemsworth
137,mark_ruffalo21.png,mark_ruffalo
94,chris_hemsworth5.png,chris_hemsworth
261,scarlett_johansson2.png,scarlett_johansson
246,scarlett_johansson26.png,scarlett_johansson
82,chris_hemsworth52.png,chris_hemsworth
124,mark_ruffalo1.png,mark_ruffalo
161,mark_ruffalo48.png,mark_ruffalo
157,mark_ruffalo49.png,mark_ruffalo
127,mark_ruffalo14.png,mark_ruffalo
209,robert_downey_jr22.png,robert_downey_jr
77,chris_hemsworth21.png,chris_hemsworth
192,robert_downey_jr15.png,robert_downey_jr
194,robert_downey_jr51.png,robert_downey_jr
180,robert_downey_jr39.png,robert_downey_jr
213,robert_downey_jr20.png,robert_downey_jr
131,mark_ruffalo25.png,mark_ruffalo
245,scarlett_johansson46.png,scarlett_johansson
181,robert_downey_jr50.png,robert_downey_jr
267,scarlett_johansson50.png,scarlett_johansson
16,chris_evans49.png,chris_evans
56,chris_hemsworth8.png,chris_hemsworth
109,mark_ruffalo40.png,mark_ruffalo
250,scarlett_johansson38.png,scarlett_johansson
10,chris_evans20.png,chris_evans
203,robert_downey_jr1.png,robert_downey_jr
156,mark_ruffalo5.png,mark_ruffalo
237,scarlett_johansson3.png,scarlett_johansson
85,chris_hemsworth9.png,chris_hemsworth
41,chris_evans8.png,chris_evans
217,robert_downey_jr38.png,robert_downey_jr
57,chris_hemsworth47.png,chris_hemsworth
151,mark_ruffalo60.png,mark_ruffalo
262,scarlett_johansson19.png,scarlett_johansson
99,chris_hemsworth45.png,chris_hemsworth
26,chris_evans45.png,chris_evans
91,chris_hemsworth12.png,chris_hemsworth
155,mark_ruffalo50.png,mark_ruffalo
116,mark_ruffalo33.png,mark_ruffalo
154,mark_ruffalo59.png,mark_ruffalo
162,mark_ruffalo62.png,mark_ruffalo
2,chris_evans6.png,chris_evans
167,mark_ruffalo6.png,mark_ruffalo
27,chris_evans18.png,chris_evans
125,mark_ruffalo24.png,mark_ruffalo
111,mark_ruffalo37.png,mark_ruffalo
227,scarlett_johansson43.png,scarlett_johansson
201,robert_downey_jr21.png,robert_downey_jr
92,chris_hemsworth2.png,chris_hemsworth
226,scarlett_johansson34.png,scarlett_johansson
15,chris_evans37.png,chris_evans
89,chris_hemsworth44.png,chris_hemsworth
100,chris_hemsworth46.png,chris_hemsworth
110,mark_ruffalo20.png,mark_ruffalo
95,chris_hemsworth34.png,chris_hemsworth
23,chris_evans39.png,chris_evans
134,mark_ruffalo29.png,mark_ruffalo
105,mark_ruffalo15.png,mark_ruffalo
44,chris_evans25.png,chris_evans
170,robert_downey_jr8.png,robert_downey_jr
248,scarlett_johansson16.png,scarlett_johansson
136,mark_ruffalo38.png,mark_ruffalo
65,chris_hemsworth24.png,chris_hemsworth
126,mark_ruffalo4.png,mark_ruffalo
190,robert_downey_jr9.png,robert_downey_jr
119,mark_ruffalo26.png,mark_ruffalo
223,scarlett_johansson40.png,scarlett_johansson
63,chris_hemsworth20.png,chris_hemsworth
178,robert_downey_jr6.png,robert_downey_jr
150,mark_ruffalo63.png,mark_ruffalo
269,scarlett_johansson54.png,scarlett_johansson
9,chris_evans50.png,chris_evans
8,chris_evans36.png,chris_evans
212,robert_downey_jr16.png,robert_downey_jr
266,scarlett_johansson6.png,scarlett_johansson
14,chris_evans23.png,chris_evans
241,scarlett_johansson13.png,scarlett_johansson
254,scarlett_johansson27.png,scarlett_johansson
21,chris_evans22.png,chris_evans
199,robert_downey_jr19.png,robert_downey_jr
122,mark_ruffalo43.png,mark_ruffalo
182,robert_downey_jr34.png,robert_downey_jr
75,chris_hemsworth30.png,chris_hemsworth
208,robert_downey_jr14.png,robert_downey_jr
107,mark_ruffalo44.png,mark_ruffalo
259,scarlett_johansson12.png,scarlett_johansson
34,chris_evans26.png,chris_evans
115,mark_ruffalo18.png,mark_ruffalo
169,robert_downey_jr24.png,robert_downey_jr
230,scarlett_johansson37.png,scarlett_johansson
54,chris_hemsworth14.png,chris_hemsworth
179,robert_downey_jr45.png,robert_downey_jr
79,chris_hemsworth40.png,chris_hemsworth
118,mark_ruffalo30.png,mark_ruffalo
13,chris_evans28.png,chris_evans
28,chris_evans9.png,chris_evans
18,chris_evans10.png,chris_evans
6,chris_evans11.png,chris_evans
183,robert_downey_jr13.png,robert_downey_jr
172,robert_downey_jr29.png,robert_downey_jr
132,mark_ruffalo16.png,mark_ruffalo
83,chris_hemsworth3.png,chris_hemsworth
45,chris_evans21.png,chris_evans
104,mark_ruffalo35.png,mark_ruffalo
7,chris_evans31.png,chris_evans
196,robert_downey_jr36.png,robert_downey_jr
164,mark_ruffalo65.png,mark_ruffalo
265,scarlett_johansson7.png,scarlett_johansson
62,chris_hemsworth33.png,chris_hemsworth
214,robert_downey_jr35.png,robert_downey_jr
48,chris_evans15.png,chris_evans
128,mark_ruffalo23.png,mark_ruffalo
90,chris_hemsworth16.png,chris_hemsworth
113,mark_ruffalo13.png,mark_ruffalo
202,robert_downey_jr31.png,robert_downey_jr
207,robert_downey_jr32.png,robert_downey_jr
234,scarlett_johansson45.png,scarlett_johansson
171,robert_downey_jr3.png,robert_downey_jr
97,chris_hemsworth38.png,chris_hemsworth
36,chris_evans1.png,chris_evans
195,robert_downey_jr11.png,robert_downey_jr
206,robert_downey_jr48.png,robert_downey_jr
220,scarlett_johansson18.png,scarlett_johansson
130,mark_ruffalo36.png,mark_ruffalo
51,chris_hemsworth1.png,chris_hemsworth
257,scarlett_johansson15.png,scarlett_johansson
253,scarlett_johansson17.png,scarlett_johansson
252,scarlett_johansson33.png,scarlett_johansson
264,scarlett_johansson8.png,scarlett_johansson
189,robert_downey_jr18.png,robert_downey_jr
236,scarlett_johansson30.png,scarlett_johansson
96,chris_hemsworth26.png,chris_hemsworth
25,chris_evans40.png,chris_evans
165,mark_ruffalo55.png,mark_ruffalo
185,robert_downey_jr49.png,robert_downey_jr
251,scarlett_johansson31.png,scarlett_johansson
69,chris_hemsworth13.png,chris_hemsworth
35,chris_evans30.png,chris_evans
163,mark_ruffalo57.png,mark_ruffalo
133,mark_ruffalo32.png,mark_ruffalo
114,mark_ruffalo41.png,mark_ruffalo
88,chris_hemsworth18.png,chris_hemsworth
271,scarlett_johansson9.png,scarlett_johansson
103,mark_ruffalo45.png,mark_ruffalo
273,scarlett_johansson5.png,scarlett_johansson
216,robert_downey_jr46.png,robert_downey_jr
84,chris_hemsworth22.png,chris_hemsworth
12,chris_evans41.png,chris_evans
108,mark_ruffalo28.png,mark_ruffalo
81,chris_hemsworth35.png,chris_hemsworth
152,mark_ruffalo64.png,mark_ruffalo
272,scarlett_johansson53.png,scarlett_johansson
270,scarlett_johansson52.png,scarlett_johansson
138,mark_ruffalo3.png,mark_ruffalo
0,chris_evans34.png,chris_evans
112,mark_ruffalo17.png,mark_ruffalo
228,scarlett_johansson14.png,scarlett_johansson
135,mark_ruffalo11.png,mark_ruffalo
80,chris_hemsworth49.png,chris_hemsworth
93,chris_hemsworth43.png,chris_hemsworth
71,chris_hemsworth32.png,chris_hemsworth
42,chris_evans16.png,chris_evans
247,scarlett_johansson11.png,scarlett_johansson
263,scarlett_johansson22.png,scarlett_johansson
144,mark_ruffalo56.png,mark_ruffalo
222,scarlett_johansson48.png,scarlett_johansson
58,chris_hemsworth48.png,chris_hemsworth
121,mark_ruffalo31.png,mark_ruffalo
255,scarlett_johansson21.png,scarlett_johansson
221,scarlett_johansson47.png,scarlett_johansson
238,scarlett_johansson39.png,scarlett_johansson
53,chris_hemsworth53.png,chris_hemsworth
239,scarlett_johansson49.png,scarlett_johansson
55,chris_hemsworth15.png,chris_hemsworth
191,robert_downey_jr44.png,robert_downey_jr
240,scarlett_johansson32.png,scarlett_johansson
159,mark_ruffalo8.png,mark_ruffalo
176,robert_downey_jr41.png,robert_downey_jr
31,chris_evans33.png,chris_evans
47,chris_evans46.png,chris_evans
72,chris_hemsworth51.png,chris_hemsworth
210,robert_downey_jr26.png,robert_downey_jr
148,mark_ruffalo61.png,mark_ruffalo
86,chris_hemsworth7.png,chris_hemsworth
40,chris_evans27.png,chris_evans
59,chris_hemsworth37.png,chris_hemsworth
215,robert_downey_jr10.png,robert_downey_jr
258,scarlett_johansson42.png,scarlett_johansson
11,chris_evans29.png,chris_evans
43,chris_evans12.png,chris_evans
219,robert_downey_jr42.png,robert_downey_jr
197,robert_downey_jr4.png,robert_downey_jr
78,chris_hemsworth50.png,chris_hemsworth
24,chris_evans42.png,chris_evans
49,chris_evans4.png,chris_evans
184,robert_downey_jr37.png,robert_downey_jr
17,chris_evans14.png,chris_evans
218,robert_downey_jr7.png,robert_downey_jr
147,mark_ruffalo47.png,mark_ruffalo
